case_id,fire_x,fire_y,hrr_peak_kw,vent_open_ratio,duration_s
case_000001,6.115414,1.200086,1737.631933,0.30089,915.388911
case_000002,6.413596,8.137437,891.224747,0.47973,152.180997
case_000003,2.749104,5.042842,619.411864,0.278954,821.875193
case_000004,5.359532,2.763525,3151.695577,0.828487,127.01866
case_000005,7.446554,6.585115,2031.127324,0.239932,1153.790118
case_000006,3.692756,1.741967,935.223696,0.862745,772.024114
case_000007,7.457026,6.837854,2913.026412,0.975804,528.817127
case_000008,5.416325,7.635237,3283.338886,0.875536,743.540317
case_000009,6.636575,1.366595,1525.54224,0.360449,206.175335
case_000010,2.862327,1.808011,1750.881214,0.672116,514.018753
case_000011,3.961448,2.676056,1701.400199,0.942989,819.878216
case_000012,5.873048,2.369109,3781.070591,0.247062,529.811877
case_000013,8.916187,6.119998,3006.273847,0.716153,1030.280074
case_000014,7.207999,2.832385,644.451098,0.383908,409.160146
case_000015,2.687863,8.543278,4443.654319,0.38321,827.873759
case_000016,4.165055,8.316381,2564.833337,0.338392,386.357708
case_000017,5.490945,3.101933,3130.636956,0.908041,551.352546
case_000018,2.754566,8.980301,2792.868322,0.181818,170.885685
case_000019,1.877193,6.019568,4064.35714,0.479944,188.609923
case_000020,4.052954,8.968971,2881.014553,0.973971,1049.642078
case_000021,1.091848,6.765775,3567.696661,0.583273,408.171205
case_000022,6.127694,1.892417,2456.443628,0.508351,1150.121202
case_000023,8.006824,3.107112,2752.637509,0.260787,1105.638066
case_000024,7.964149,3.387558,3375.272727,0.648073,285.06641
case_000025,7.100086,5.315032,4003.819154,0.577318,120.617648
case_000026,3.593248,1.155814,4680.943773,0.89085,1018.198772
case_000027,3.460113,1.463401,4451.043196,0.952255,212.505728
case_000028,4.887924,1.5537,3922.709744,0.789251,258.662782
case_000029,4.802259,5.398429,1692.75483,0.88519,576.988975
case_000030,2.694386,5.314369,3784.689811,0.281036,456.653595
case_000031,8.961195,6.199024,2471.450378,0.565818,250.684532
case_000032,2.797579,3.704684,3147.389233,0.307103,357.834775
case_000033,1.567945,6.048824,1530.238027,0.914878,1048.406232
case_000034,1.566859,2.904037,3510.400002,0.292813,262.896797
case_000035,8.484114,5.568345,2627.019618,0.806157,992.096758
case_000036,2.523279,1.775447,2439.730321,0.481221,624.386641
case_000037,6.832607,6.386916,4928.743451,0.188576,554.830985
case_000038,3.714421,7.89338,1618.953503,0.271188,604.502632
case_000039,4.375053,3.228361,1624.129015,0.930939,598.581205
case_000040,7.890793,5.402602,727.647483,0.999354,1022.909792
case_000041,8.75197,8.410936,4319.130805,0.24968,644.492415
case_000042,2.709978,4.208322,763.8593,0.441076,1184.133551
case_000043,3.121624,7.272565,2547.537653,0.480707,1153.903052
case_000044,8.963382,5.446147,3732.837239,0.239317,440.444452
case_000045,8.749675,5.633442,2939.878406,0.773178,181.738495
case_000046,5.673421,5.022803,4337.239514,0.241689,1157.641216
case_000047,1.640892,2.4866,3177.657979,0.707691,374.020207
case_000048,1.959093,8.122299,1607.969065,0.635067,788.932031
case_000049,4.353799,5.669378,2852.52222,0.941236,340.599935
case_000050,6.729534,2.909488,2281.036311,0.704521,443.996846
case_000051,3.529418,7.014916,826.444015,0.512457,1198.330796
case_000052,8.968772,1.586086,1459.194405,0.33868,1127.920128
case_000053,8.046913,8.034162,2162.871899,0.241972,1020.444551
case_000054,6.628319,5.893422,4942.548786,0.688579,128.448956
case_000055,7.536833,3.39503,3485.249217,0.945037,265.034404
case_000056,1.923429,1.856288,2989.506384,0.345113,773.216213
case_000057,6.740897,2.628778,3354.070815,0.337586,647.6144
case_000058,8.242692,7.76883,915.343105,0.481218,418.814642
case_000059,1.028366,7.168954,3367.010198,0.33576,920.529381
case_000060,5.413443,4.421495,543.513648,0.167719,1073.754905
case_000061,8.231429,5.364722,4255.677589,0.624259,279.941288
case_000062,2.019564,3.466067,4545.416699,0.81651,1049.558789
case_000063,8.191397,2.680612,1622.883827,0.192514,962.525541
case_000064,8.073078,4.251019,3292.976796,0.239098,1124.271497
case_000065,7.916846,8.809648,4148.47274,0.893275,146.769271
case_000066,6.892516,3.657484,4688.671487,0.822012,1053.189151
case_000067,7.485995,3.134446,4043.185291,0.197286,1061.940126
case_000068,7.868746,2.77947,4174.639725,0.514273,449.606137
case_000069,7.362764,2.820764,606.489956,0.273817,474.522907
case_000070,7.914824,8.735113,1756.062467,0.677334,551.652655
case_000071,8.849197,5.289726,4726.567131,0.203808,1168.03266
case_000072,2.428543,8.700275,1694.598631,0.197562,589.328859
case_000073,6.82836,3.509419,3227.93984,0.560281,536.011068
case_000074,5.612704,3.03778,3689.533777,0.101522,1119.621179
case_000075,5.307616,6.75544,3838.77535,0.703566,513.35919
case_000076,1.55979,6.313901,1985.900162,0.382524,1035.856502
case_000077,6.758034,3.402578,1891.78098,0.467554,554.592418
case_000078,3.365242,2.018302,2392.008502,0.946327,851.503381
case_000079,8.222444,5.924119,1854.274436,0.593143,120.438415
case_000080,3.29531,4.439105,3109.931515,0.689235,622.187245
case_000081,4.537278,2.709611,2629.337837,0.911063,979.706741
case_000082,2.357531,1.678364,2819.534045,0.669647,482.003316
case_000083,7.547388,7.009105,3527.580518,0.302177,335.060327
case_000084,1.195403,2.95874,2638.113549,0.864764,198.654488
case_000085,4.315528,6.038123,1374.958565,0.726719,653.927343
case_000086,2.951876,6.248464,524.951682,0.775868,951.649884
case_000087,1.852698,4.40117,1291.490068,0.962169,679.39437
case_000088,1.401747,2.993586,4317.513563,0.510816,985.52993
case_000089,6.340622,8.90314,3179.535433,0.955036,1082.74
case_000090,5.901219,6.754192,2771.501742,0.847512,711.701707
case_000091,8.177665,6.949244,2636.034966,0.333272,387.018917
case_000092,6.101291,7.126509,2845.849158,0.664074,416.565243
case_000093,1.619867,3.285825,1722.717982,0.387739,703.3644
case_000094,2.106992,2.850092,3622.774155,0.735777,189.367159
case_000095,4.260795,5.340889,2370.984053,0.286151,573.754999
case_000096,8.238708,5.672635,3629.853439,0.871059,946.842142
case_000097,4.043048,1.047169,2082.914612,0.778128,1041.723787
case_000098,8.627443,4.35217,3863.82051,0.591519,771.512796
case_000099,2.76431,2.755373,2461.261892,0.126122,483.019907
case_000100,6.433135,4.234533,1242.70129,0.520651,257.838021
case_000101,5.978056,1.215732,2273.091154,0.607953,149.27021
case_000102,6.141997,2.085596,2577.642998,0.145256,529.432173
case_000103,2.693282,3.614766,3925.533686,0.441214,932.170609
case_000104,7.655394,3.018172,868.578047,0.117445,702.572572
case_000105,8.999263,3.799683,3425.64842,0.80311,823.895028
case_000106,7.033866,8.596894,1397.123071,0.118342,284.572933
case_000107,2.009768,6.355671,3037.863119,0.296168,875.422169
case_000108,7.135185,2.342313,3232.613723,0.773133,243.695501
case_000109,7.554409,8.717766,986.444373,0.123111,456.913824
case_000110,6.418778,8.665383,2284.944987,0.743513,202.076196
case_000111,6.524915,6.017939,958.555875,0.795233,1038.316698
case_000112,5.803293,1.968441,4927.299582,0.804372,494.980067
case_000113,4.427024,3.964567,2776.823554,0.407108,1037.541677
case_000114,7.578647,1.844311,4823.544052,0.672027,1015.003896
case_000115,6.658469,4.483897,3802.078868,0.968926,411.688988
case_000116,7.465594,5.305383,2675.738767,0.492017,909.508311
case_000117,3.147164,7.813705,4238.289585,0.177997,1072.161679
case_000118,2.950908,4.717668,3246.492669,0.44109,150.995998
case_000119,7.807623,2.454719,1454.539326,0.818049,487.565951
case_000120,8.04256,6.60947,1743.208591,0.109136,1143.907584
case_000121,1.684904,6.760597,2698.600311,0.782348,865.858087
case_000122,6.167223,4.926571,4068.197907,0.183748,359.324113
case_000123,6.534297,3.449648,3117.000134,0.525934,693.395686
case_000124,4.404031,6.967483,1988.560837,0.732569,412.589741
case_000125,3.011229,1.965247,1366.629321,0.207599,698.733083
case_000126,7.097517,2.481199,1473.730879,0.535779,902.551801
case_000127,8.812856,5.197095,1773.494165,0.190473,329.646984
case_000128,2.819865,2.435532,563.667653,0.580722,416.256233
case_000129,8.794359,5.426872,3638.378268,0.213652,1057.938093
case_000130,4.92703,7.981758,3083.288988,0.522457,595.706302
case_000131,2.474909,1.411014,4734.786185,0.529956,1007.884897
case_000132,4.20566,1.592657,3332.505681,0.148248,281.133391
case_000133,5.502717,3.430684,4972.631552,0.206606,945.598921
case_000134,5.850541,7.325927,1515.592117,0.570315,606.555622
case_000135,4.541768,7.881333,4955.140672,0.374842,790.709507
case_000136,5.877047,6.920714,4764.155901,0.287009,347.907211
case_000137,6.283425,2.256457,1282.160967,0.167558,122.88978
case_000138,4.60403,5.75049,1810.666801,0.308329,883.512296
case_000139,6.6239,4.632251,3593.23214,0.93152,970.854269
case_000140,6.000464,6.289464,4701.508063,0.482625,708.127369
case_000141,6.181078,8.267292,4219.840218,0.164269,299.196612
case_000142,3.460895,6.991662,3061.431722,0.35975,254.301951
case_000143,6.509424,6.597869,4742.043083,0.550425,653.298837
case_000144,1.643535,1.318886,2444.128989,0.390089,390.397335
case_000145,1.730615,8.695289,4261.813763,0.617679,1146.84918
case_000146,8.996579,6.378253,1712.799617,0.136209,936.770337
case_000147,4.764007,6.212076,4622.327546,0.26334,752.155995
case_000148,6.078278,4.933806,910.590828,0.413165,479.973065
case_000149,6.361068,7.861865,1984.116486,0.724306,431.275219
case_000150,8.561548,7.508528,2975.43474,0.509343,459.67853
case_000151,3.58619,8.761478,2318.787757,0.563137,1187.168752
case_000152,6.261283,5.340749,2359.614069,0.268824,510.721708
case_000153,7.051545,6.00327,3919.957412,0.283202,713.15721
case_000154,8.421382,4.504929,3642.125131,0.209283,1170.998561
case_000155,5.870973,2.91438,1212.701737,0.595755,716.431522
case_000156,1.745674,8.938057,4608.184453,0.515303,246.863441
case_000157,7.657145,4.987004,3724.714967,0.557985,415.298888
case_000158,7.677792,8.841957,1596.789077,0.596139,534.272894
case_000159,8.374945,5.065927,4456.968148,0.877624,418.347195
case_000160,7.320049,4.319539,4704.117772,0.556964,1006.193431
case_000161,3.262712,3.388447,3141.219751,0.999012,648.811574
case_000162,2.188763,5.308645,2053.057738,0.596726,706.904468
case_000163,4.642757,3.574219,1348.935682,0.727749,737.541453
case_000164,2.8685,7.204356,696.412846,0.770235,881.646112
case_000165,7.491271,4.08863,3486.599733,0.838673,1179.28359
case_000166,4.962629,1.296157,2760.310176,0.631162,1059.276338
case_000167,7.993523,4.52245,2866.779891,0.511235,900.239334
case_000168,4.279829,6.238251,1194.625484,0.522542,1166.739921
case_000169,3.70849,6.541637,3424.264937,0.866589,1040.528643
case_000170,7.874737,4.040075,1924.975193,0.746846,940.153954
case_000171,7.979064,1.287193,807.893362,0.668045,1114.603427
case_000172,8.979407,6.974131,2452.871624,0.188599,804.447655
case_000173,7.980634,4.549428,3623.005233,0.913082,169.670246
case_000174,7.369148,3.346942,2186.784904,0.231013,693.659624
case_000175,5.527424,7.340156,1264.926421,0.171072,1060.506767
case_000176,5.957683,2.926638,4607.730572,0.228806,618.041906
case_000177,3.031819,3.042614,542.288442,0.82417,1093.306177
case_000178,6.420887,2.263805,2487.784026,0.411009,754.577442
case_000179,6.11151,4.394472,1625.44201,0.860774,335.154359
case_000180,4.077546,4.865664,1567.425659,0.61473,740.796885
case_000181,8.941536,3.361846,4900.750181,0.692407,416.438811
case_000182,5.527432,6.486396,3851.009785,0.14414,774.919013
case_000183,4.973818,8.233242,1787.873682,0.818974,775.630198
case_000184,3.818568,6.092943,3294.010234,0.709988,898.602647
case_000185,6.273452,7.706697,3327.116467,0.913063,818.047858
case_000186,3.471463,4.526586,3108.082124,0.759124,217.344046
case_000187,3.360884,6.979847,1290.380317,0.218944,702.56038
case_000188,8.771917,5.246819,4610.691385,0.847425,397.527691
case_000189,7.597519,4.854783,4129.198222,0.771903,485.812474
case_000190,1.921358,8.703146,1133.406568,0.96985,1048.951845
case_000191,6.793734,8.839538,4852.713863,0.824129,515.037053
case_000192,7.325456,1.111349,2914.575387,0.509307,846.654652
case_000193,6.378726,5.676481,4200.877856,0.946263,237.01379
case_000194,2.870575,1.200197,4479.056803,0.605267,1108.476381
case_000195,2.770938,1.505736,4207.349081,0.918449,446.365388
case_000196,4.266367,2.118216,4758.176898,0.373928,652.034588
case_000197,1.777536,8.098074,1110.488219,0.508279,844.125116
case_000198,6.945121,8.567793,2386.07039,0.768042,286.884735
case_000199,4.319076,1.792173,2702.06167,0.467304,1147.643247
case_000200,1.26173,3.96424,2495.223887,0.9555,1043.886209
case_000201,1.794837,6.485442,2950.096377,0.980058,507.367749
case_000202,4.185117,2.518468,1049.718736,0.86323,611.094758
case_000203,6.30215,6.133636,3187.156818,0.119222,969.738158
case_000204,2.948551,2.007391,3040.600892,0.161749,946.369966
case_000205,2.657259,2.727611,4413.62942,0.395704,279.358514
case_000206,8.204248,1.022684,4362.827569,0.230219,260.391502
case_000207,3.005234,2.395977,3474.759392,0.123202,136.049153
case_000208,7.319877,2.903453,1956.971579,0.256822,176.590939
case_000209,6.933744,5.208684,3855.493738,0.528621,960.258402
case_000210,5.105904,1.872432,2767.274104,0.950874,166.83424
case_000211,7.265816,7.935847,2846.530466,0.512238,1161.148278
case_000212,1.486603,4.831855,2307.277645,0.717488,649.490362
case_000213,8.277607,1.587926,863.557148,0.647468,190.936812
case_000214,3.200128,6.064614,2967.603953,0.392667,1194.197976
case_000215,5.244455,4.629723,3224.420562,0.189261,877.921772
case_000216,7.822342,6.207333,3960.332285,0.748756,352.224912
case_000217,4.612439,2.827949,2025.192285,0.508149,569.268822
case_000218,1.760687,4.414112,3492.985384,0.436871,284.850039
case_000219,8.38388,1.537066,4242.973498,0.183907,224.289587
case_000220,6.910368,7.494154,3003.66831,0.627819,726.513327
case_000221,3.637168,1.97785,2091.191358,0.698806,930.30699
case_000222,7.944737,6.768485,4857.793814,0.640369,499.777881
case_000223,5.623348,2.70191,3455.313363,0.30182,236.875852
case_000224,7.762987,3.940488,3931.725344,0.61669,991.799081
case_000225,7.761241,8.796373,4182.920868,0.652216,814.115097
case_000226,1.210031,8.432674,4232.573555,0.340703,314.849358
case_000227,6.62159,3.471878,2029.210955,0.105495,1059.451723
case_000228,5.530569,4.206275,1138.435944,0.669855,153.109666
case_000229,6.968894,2.721063,2389.246222,0.406806,519.65734
case_000230,6.772768,7.214685,3054.171005,0.176461,176.817533
case_000231,2.259279,5.942705,3532.859198,0.344893,834.893788
case_000232,4.885294,4.536353,1729.2508,0.779449,242.922909
case_000233,4.439309,3.265972,3553.188146,0.537969,840.503163
case_000234,1.363339,4.162107,3196.962306,0.106918,445.532911
case_000235,2.689872,2.097878,1649.837768,0.39531,128.348299
case_000236,6.976113,2.405558,2210.933506,0.733304,660.283334
case_000237,7.666834,7.449601,824.339735,0.875588,165.686442
case_000238,1.149932,8.369299,4379.495061,0.618183,739.271655
case_000239,6.675992,4.341552,1018.280177,0.118771,470.749634
case_000240,7.410577,5.945002,4244.116609,0.927793,215.180272
case_000241,7.755875,2.946532,3149.920797,0.571566,547.428033
case_000242,3.482196,3.716106,1998.808801,0.251319,671.321947
case_000243,1.912213,5.079616,4576.652292,0.414438,905.569434
case_000244,7.551589,7.520296,1563.20982,0.2318,333.053547
case_000245,5.819192,7.081722,3449.790547,0.259432,954.675936
case_000246,4.952936,7.035567,3919.447173,0.504015,1118.086599
case_000247,5.515934,6.082387,3310.348007,0.877822,797.394799
case_000248,2.207659,1.54629,2489.936287,0.372538,416.647561
case_000249,1.449377,5.058695,1896.835328,0.506722,181.441255
case_000250,7.653573,1.613848,4389.125153,0.869764,784.209059
case_000251,5.056543,4.701693,2994.423671,0.812636,1087.546907
case_000252,4.59787,7.478527,3433.268546,0.389374,633.67935
case_000253,2.206889,1.49499,965.758448,0.909214,490.912798
case_000254,6.714524,5.036392,1276.515101,0.322969,592.778936
case_000255,4.515374,5.181984,1214.357936,0.435567,425.525065
case_000256,4.270155,3.706937,3190.486381,0.810304,819.089786
case_000257,1.527295,1.756048,3552.707052,0.355732,901.632347
case_000258,6.252513,8.250742,4429.758479,0.400026,749.358676
case_000259,2.131427,3.798566,4854.634285,0.728632,543.314623
case_000260,5.76033,8.504018,1893.118493,0.439011,974.994914
case_000261,7.505478,6.360931,4230.315378,0.764897,860.247595
case_000262,5.211147,6.168199,2405.328648,0.425645,511.605483
case_000263,2.442103,2.713541,4764.507204,0.537644,364.66649
case_000264,2.100523,1.617321,4299.927749,0.191027,952.544698
case_000265,7.680959,8.069457,669.863716,0.403088,947.612213
case_000266,2.048392,4.013759,1230.112454,0.848211,952.785639
case_000267,7.47235,2.324313,2469.530323,0.469773,850.471956
case_000268,2.900242,4.55359,1782.175697,0.773683,604.8422
case_000269,5.272089,3.475743,4138.80742,0.522114,1021.922464
case_000270,3.942728,8.577041,4929.979071,0.515512,424.313471
case_000271,4.054979,5.219678,4848.206689,0.835202,985.359962
case_000272,2.107188,3.000026,3385.305663,0.886705,718.904005
case_000273,1.820718,7.767138,4330.247216,0.356557,944.166177
case_000274,3.18233,8.24245,1163.068952,0.493725,1142.126324
case_000275,2.776304,4.609024,2073.132852,0.124003,177.517438
case_000276,5.016057,2.886225,4975.364081,0.437421,150.442549
case_000277,8.446607,7.71341,3424.823079,0.812243,268.607555
case_000278,3.295035,7.638093,3632.323949,0.224913,881.979069
case_000279,4.588812,1.04201,856.515971,0.330332,1021.760147
case_000280,5.390434,6.817878,2874.971776,0.200068,431.149704
case_000281,3.40921,1.381996,2389.214947,0.814509,613.682706
case_000282,1.886863,8.241175,3185.325693,0.114792,676.605789
case_000283,2.935505,2.148615,2431.575019,0.653329,379.809378
case_000284,4.332541,6.31497,885.262797,0.977189,193.093669
case_000285,5.208476,5.058622,4947.491685,0.598737,541.690031
case_000286,4.761081,6.085366,4914.677401,0.328285,137.54161
case_000287,7.30816,3.75842,3798.234597,0.665431,953.221484
case_000288,6.881496,3.660149,699.510597,0.591412,998.589575
case_000289,2.400713,7.233141,2590.803049,0.72585,802.274716
case_000290,7.491981,1.504804,3992.856799,0.511912,436.917977
case_000291,1.35045,2.595759,688.576739,0.940034,676.614276
case_000292,8.912982,5.344246,1639.911943,0.777962,326.391705
case_000293,3.855793,7.246733,4396.092247,0.398732,254.433009
case_000294,3.944153,8.115892,3844.884675,0.905174,537.57635
case_000295,8.789789,4.969626,2738.855266,0.931879,680.817922
case_000296,7.409185,6.816651,855.171527,0.642208,1008.128582
case_000297,5.363795,3.569691,860.3101,0.694827,451.015525
case_000298,5.820973,4.408929,3603.941638,0.416392,165.743576
case_000299,7.960297,3.820474,4991.67769,0.3471,1178.429462
case_000300,8.583235,1.600329,3368.80642,0.42698,985.183654
case_000301,6.435285,8.622315,1142.507608,0.646816,963.816927
case_000302,1.278392,1.537867,4003.319181,0.429696,533.482754
case_000303,5.537957,5.840759,3555.779256,0.953941,521.774449
case_000304,7.104676,5.591374,2882.569467,0.458231,821.525596
case_000305,2.996893,1.907589,3810.536868,0.54914,537.94637
case_000306,5.493382,3.094213,1671.30397,0.501646,1196.074321
case_000307,3.284615,8.331831,2710.400879,0.210374,1041.052394
case_000308,4.616341,8.189432,2503.000367,0.179012,856.483601
case_000309,7.76417,3.556702,2063.413826,0.158445,705.54507
case_000310,8.130653,7.810896,3703.140968,0.934592,808.716024
case_000311,7.349571,5.070046,1046.131048,0.280882,269.987022
case_000312,7.322984,1.210272,2993.096468,0.43202,987.954664
case_000313,5.413175,5.895587,887.969667,0.378362,1199.562647
case_000314,6.750957,5.205565,3961.240477,0.841005,199.65077
case_000315,8.779038,6.138709,2524.88523,0.712098,492.075963
case_000316,8.023681,7.242103,3379.072682,0.263767,1163.565783
case_000317,4.460946,8.285698,749.357825,0.211745,285.256704
case_000318,2.317257,3.581286,3691.994596,0.411421,1136.176379
case_000319,8.159407,7.76747,1627.72389,0.671551,714.908729
case_000320,2.001362,3.422597,2900.651134,0.552316,302.126774
case_000321,8.532856,2.233554,3464.29793,0.748569,773.55002
case_000322,7.74024,5.508944,4213.563203,0.125536,169.098748
case_000323,6.13163,5.61417,3430.084899,0.790263,569.913726
case_000324,6.11193,4.984304,3322.238046,0.360704,1153.182184
case_000325,4.863559,7.437505,3582.458785,0.36769,198.810868
case_000326,1.479304,4.516844,2679.130085,0.283621,775.193084
case_000327,3.50066,6.746903,3803.898897,0.8747,1173.404058
case_000328,2.046129,3.964322,3027.430471,0.387204,623.790372
case_000329,3.139773,2.983351,935.652437,0.361191,534.88182
case_000330,5.92302,2.986162,4393.883758,0.24373,473.630686
case_000331,5.621496,3.501719,3934.046188,0.548439,675.902826
case_000332,4.990078,3.468324,604.293342,0.95071,665.88002
case_000333,8.733493,2.721155,2088.0279,0.145486,654.48574
case_000334,8.058716,6.23408,2617.64084,0.583022,1034.946155
case_000335,4.447422,8.059646,3773.786285,0.787471,515.212341
case_000336,4.204653,5.562253,1375.948858,0.597901,199.41429
case_000337,5.034044,7.115233,1758.743049,0.990182,854.830531
case_000338,1.950488,8.800663,2272.566707,0.815408,486.212124
case_000339,8.511589,7.039721,1395.760467,0.55821,660.084136
case_000340,1.362427,2.096291,1998.683174,0.52637,613.547644
case_000341,5.850084,5.124046,1975.846314,0.651761,295.50221
case_000342,8.924926,6.914555,1846.554541,0.402736,1014.552537
case_000343,5.258719,6.669918,1849.057541,0.834174,517.826435
case_000344,6.390451,8.839184,3126.659638,0.817079,903.35015
case_000345,6.504349,1.213177,2635.655963,0.970364,965.536311
case_000346,7.209296,5.621075,3746.300505,0.625171,304.153027
case_000347,6.032202,5.957886,4285.252062,0.232998,855.185047
case_000348,1.252564,8.585641,994.529846,0.117044,458.787882
case_000349,2.21145,6.524002,2346.698342,0.797475,1114.162626
case_000350,7.982542,6.886698,780.265787,0.224274,343.929041
case_000351,3.600396,6.297814,2864.647181,0.382377,307.037018
case_000352,8.296993,3.738616,2094.291449,0.794791,898.598526
case_000353,6.146473,6.546506,3245.34461,0.273038,386.240666
case_000354,5.464693,2.798936,4878.097824,0.367853,432.124468
case_000355,2.658222,6.639906,1926.683353,0.413923,1128.396405
case_000356,7.363243,3.18766,1048.433476,0.70896,530.06972
case_000357,8.841284,7.54702,4795.739885,0.824154,433.688864
case_000358,3.301043,6.71313,2058.635813,0.498139,396.959494
case_000359,4.832634,2.616544,2923.600657,0.939722,871.865005
case_000360,2.098184,5.925416,3140.737244,0.318212,843.420682
case_000361,5.248332,6.103557,736.209981,0.471971,894.746701
case_000362,1.804359,7.166128,523.316509,0.595317,1123.427655
case_000363,4.25526,8.480257,4452.798297,0.529704,335.412453
case_000364,8.711312,3.569342,3406.540631,0.917143,216.617578
case_000365,5.593067,5.281218,3754.029552,0.943002,1106.288104
case_000366,2.400518,8.05796,1291.049184,0.927671,1196.945547
case_000367,4.175957,4.963071,4714.739351,0.965918,1120.122874
case_000368,8.013945,1.074137,3055.828409,0.196571,1181.633399
case_000369,3.276493,8.912796,2944.852176,0.544521,1133.645342
case_000370,7.808478,4.744166,1367.651292,0.201382,295.493804
case_000371,4.671316,3.058119,1337.895811,0.762956,974.029078
case_000372,5.54225,7.058262,1289.727112,0.870532,1088.806183
case_000373,7.615919,5.122245,890.319964,0.70233,319.563697
case_000374,2.124895,3.588813,1616.211877,0.334707,374.362953
case_000375,7.030053,8.632279,1858.756279,0.750594,132.350593
case_000376,6.229467,6.542149,779.559493,0.206402,451.350849
case_000377,4.243333,5.020164,4528.032664,0.733201,455.856184
case_000378,1.939326,8.329043,1827.669201,0.653163,356.658889
case_000379,2.06855,2.225485,3864.806767,0.645165,569.113265
case_000380,5.393876,4.766625,2918.829595,0.697685,355.884552
case_000381,2.979723,7.037916,4429.107763,0.173683,602.487816
case_000382,6.630129,1.624822,3038.75925,0.155582,711.461189
case_000383,5.043896,5.581613,1174.335716,0.395306,681.968864
case_000384,1.92992,2.643212,3124.164553,0.181847,671.205382
case_000385,7.469537,4.627458,2809.615294,0.511119,182.355723
case_000386,4.699026,7.455323,3754.760359,0.456354,1001.769484
case_000387,6.966436,5.62649,703.804112,0.410076,188.860705
case_000388,8.952989,8.476662,810.586158,0.940398,154.273661
case_000389,4.270935,7.151777,3946.224573,0.9805,817.551284
case_000390,4.362896,8.942853,2221.158285,0.882658,1099.308696
case_000391,4.005164,6.461843,3478.066422,0.58537,825.816826
case_000392,3.782159,2.427789,2917.663189,0.575958,906.086792
case_000393,2.781522,1.027786,602.308973,0.368527,847.379846
case_000394,5.355563,5.255469,4205.121968,0.322761,493.852514
case_000395,3.205198,8.499283,3762.607757,0.20156,994.236438
case_000396,4.353925,7.128428,4476.904798,0.114081,342.568152
case_000397,1.807174,1.26861,3190.032035,0.732958,172.570427
case_000398,6.924329,4.218123,1554.526753,0.295542,1052.828662
case_000399,1.451552,5.031167,1801.685531,0.834208,910.038882
case_000400,3.55123,5.783341,3526.393556,0.388599,445.90559
case_000401,2.146083,6.281699,1494.692332,0.370451,185.834248
case_000402,8.588162,8.037711,4602.099495,0.663394,581.376629
case_000403,4.964966,8.778322,4737.138844,0.704208,968.668964
case_000404,3.549876,4.330597,1171.479235,0.438814,934.769385
case_000405,4.788151,7.794727,1853.313885,0.736819,990.238253
case_000406,8.317929,5.499088,4855.037848,0.601558,264.820171
case_000407,2.942868,2.626694,3410.176332,0.930003,1034.904057
case_000408,1.739712,6.796678,1357.167283,0.341615,847.565674
case_000409,5.823376,7.988964,1346.734823,0.785527,902.249659
case_000410,5.470804,4.835154,4412.632332,0.399668,1153.581341
case_000411,1.12267,8.497278,4829.349003,0.205585,1199.537768
case_000412,4.831367,2.940745,3219.806903,0.284062,1108.336576
case_000413,5.416634,7.204111,2212.97785,0.580285,508.00032
case_000414,3.092493,5.102532,2737.747819,0.188747,1179.823933
case_000415,4.755923,7.717849,4614.487245,0.433634,567.044584
case_000416,5.500198,2.770193,1156.652209,0.334697,1129.53891
case_000417,5.633143,4.340625,1185.851346,0.396879,530.226957
case_000418,7.666902,4.994412,3445.735848,0.716362,397.912898
case_000419,7.572736,8.732066,3387.625045,0.541536,301.692338
case_000420,7.359804,2.354126,3741.410888,0.539485,1110.251341
case_000421,5.337095,6.134476,764.294232,0.130441,1034.433174
case_000422,8.561505,6.345724,3939.524796,0.471153,1029.948294
case_000423,2.851467,6.657357,541.136578,0.55516,523.056748
case_000424,5.942682,6.334038,3274.337125,0.534884,646.882735
case_000425,1.052899,5.413148,553.329357,0.576476,416.719996
case_000426,8.819835,1.137141,4159.207494,0.70663,990.661115
case_000427,8.278187,1.856131,933.412506,0.234008,327.286622
case_000428,5.211648,7.521715,1702.961315,0.457207,522.89571
case_000429,4.248219,5.520017,4956.048642,0.303272,858.764956
case_000430,7.782937,6.229886,4361.986216,0.783627,220.980546
case_000431,4.034112,5.421612,752.517226,0.108505,305.094261
case_000432,4.998867,4.471277,4029.693399,0.609271,1046.597138
case_000433,1.762895,5.225273,691.482909,0.290275,1057.566242
case_000434,8.100434,4.804002,709.528868,0.166913,1119.631595
case_000435,8.194493,5.508079,648.058011,0.93589,459.643469
case_000436,8.691754,5.696289,3885.145114,0.74144,550.159702
case_000437,1.6155,2.299602,1582.124874,0.851186,540.289136
case_000438,8.172206,3.653839,3900.24169,0.225956,1187.556195
case_000439,6.793309,5.006343,4884.454973,0.148327,592.055313
case_000440,7.709397,3.724742,3960.52544,0.959373,548.439293
case_000441,7.188439,1.237005,1729.971629,0.993327,649.851733
case_000442,3.84649,8.529143,2443.315758,0.711725,833.52566
case_000443,1.685553,5.948927,4091.248282,0.741798,208.60105
case_000444,2.233768,6.693417,3352.553969,0.76569,462.012487
case_000445,1.852407,1.041562,1887.203548,0.423926,411.347759
case_000446,2.060056,2.499134,2519.796547,0.599266,560.687709
case_000447,1.210095,3.831314,918.789172,0.638239,470.384757
case_000448,4.081903,3.334779,2245.098017,0.17623,1093.226928
case_000449,8.241661,8.825385,3073.821938,0.252625,531.190585
case_000450,2.11072,3.40905,2719.05774,0.15694,589.450371
case_000451,4.368819,4.873851,846.146126,0.32653,386.317274
case_000452,6.00027,5.750451,1379.967012,0.196275,449.030635
case_000453,8.590588,3.657738,3290.864845,0.823669,475.905054
case_000454,3.67789,7.523804,4367.788102,0.976803,267.014429
case_000455,3.565321,8.578231,1403.831699,0.382765,1161.740593
case_000456,8.749802,3.331585,3627.309955,0.541907,741.949624
case_000457,2.939394,4.008442,4174.225319,0.453642,242.99885
case_000458,5.510804,5.737816,2955.330885,0.713541,714.10709
case_000459,8.624037,4.692978,3687.651731,0.494609,434.637705
case_000460,6.542682,7.551725,4080.455762,0.468227,659.247473
case_000461,6.066688,2.936169,3463.983358,0.743713,972.202904
case_000462,1.591721,8.925605,2656.556149,0.460725,667.141654
case_000463,8.363137,6.533671,2946.403415,0.811649,508.291852
case_000464,8.164012,5.295248,3371.811652,0.176484,950.470372
case_000465,6.260813,3.840071,3411.499316,0.139867,1182.296862
case_000466,6.419775,4.196942,3887.0725,0.969145,584.891987
case_000467,1.084382,3.069907,2798.043082,0.566918,746.959759
case_000468,5.601883,4.566228,2260.103759,0.795108,755.677153
case_000469,5.003726,3.759739,610.531939,0.194094,569.253463
case_000470,8.693823,1.928555,4733.042712,0.227508,456.841571
case_000471,4.642661,2.654939,2673.166995,0.528546,593.219213
case_000472,6.574106,3.551276,1851.188374,0.829167,244.292088
case_000473,7.79344,6.183759,3547.126998,0.247919,1182.612508
case_000474,2.951304,2.395626,1220.6107,0.603864,1155.139631
case_000475,2.854844,4.240379,1330.032988,0.676431,586.705209
case_000476,1.233538,5.912855,1387.959961,0.632983,539.942643
case_000477,6.637885,2.646276,3885.464729,0.827857,187.568852
case_000478,1.814016,7.975835,1341.31926,0.393386,614.154456
case_000479,3.098827,7.901092,2874.717588,0.675198,764.728496
case_000480,5.890467,5.696038,2065.660868,0.860966,786.751694
case_000481,7.509906,6.647907,1838.501756,0.653036,211.532126
case_000482,2.071582,1.942893,1874.210011,0.26474,868.911465
case_000483,5.086599,4.345913,1120.402843,0.445339,320.613995
case_000484,6.084013,6.547463,3403.670428,0.99991,719.305582
case_000485,4.917136,2.122372,1915.610066,0.505901,177.900164
case_000486,3.872313,1.076668,1114.406216,0.833694,1160.935417
case_000487,5.043504,4.959759,3581.135018,0.474067,1027.083146
case_000488,4.909596,1.661365,638.873175,0.784951,435.457102
case_000489,3.198823,5.300869,1256.940398,0.511589,921.919712
case_000490,7.127356,5.397809,1009.449479,0.202786,957.12207
case_000491,7.586262,3.934894,4201.749175,0.137449,896.49866
case_000492,5.370826,8.918206,960.873975,0.847064,931.453134
case_000493,3.381671,8.994501,2523.795543,0.413719,1002.066872
case_000494,4.512559,8.951661,3990.342424,0.313251,995.558934
case_000495,5.703391,3.805047,3698.392818,0.669494,299.260147
case_000496,2.11388,2.652957,1431.242243,0.153422,498.880717
case_000497,3.24868,5.310148,1956.441271,0.733648,432.479903
case_000498,3.138745,7.864135,4934.69736,0.711369,222.843177
case_000499,8.702176,7.285528,4634.459203,0.993238,1056.411398
case_000500,2.015105,7.92863,1623.547589,0.740255,1014.760347
case_000501,7.091789,6.409876,2702.564267,0.619683,410.214524
case_000502,4.313801,4.615934,3351.324935,0.892113,220.542367
case_000503,5.124908,3.225806,4713.512513,0.432164,1146.274405
case_000504,3.618314,1.019785,3983.608807,0.759452,909.406492
case_000505,4.667594,6.313151,2112.002282,0.156998,697.178422
case_000506,2.742639,4.437145,1453.331599,0.341683,1014.611106
case_000507,3.702041,5.623469,3047.639499,0.536804,491.23879
case_000508,6.460415,1.387274,948.086339,0.805501,616.348304
case_000509,1.993897,7.861213,2485.78677,0.100608,1154.674311
case_000510,2.618546,6.508735,1093.608893,0.684997,291.69566
case_000511,8.461805,3.192156,3445.64584,0.32535,521.591269
case_000512,8.230402,2.324201,2283.537051,0.374958,875.396681
case_000513,2.873151,6.243882,3666.641179,0.100978,634.951245
case_000514,2.061598,2.809527,3559.922263,0.108358,871.244876
case_000515,7.536872,8.905239,2400.412702,0.218958,196.49457
case_000516,4.064559,6.846107,960.922267,0.382016,1071.468115
case_000517,2.097034,7.187684,3889.210104,0.219832,1192.375368
case_000518,2.142825,5.244066,538.136339,0.685018,595.307374
case_000519,6.779456,6.02464,1181.183589,0.470539,861.491463
case_000520,7.8797,1.693504,952.093006,0.777201,756.739831
case_000521,4.072255,8.70599,1915.266507,0.225847,419.12507
case_000522,1.67399,5.427173,3200.035403,0.646834,961.287225
case_000523,6.523809,7.783137,3462.824165,0.371484,679.169058
case_000524,5.076181,6.982749,1829.939231,0.149112,1089.745565
case_000525,8.637372,4.959102,1007.346482,0.549624,761.44415
case_000526,5.226292,8.821576,4940.971398,0.940532,262.541511
case_000527,7.886512,5.547043,2144.356083,0.714648,943.744013
case_000528,8.635624,7.162936,575.102308,0.160779,403.160099
case_000529,1.318615,1.483751,4051.804995,0.55595,798.856352
case_000530,5.008392,4.323456,3658.147874,0.174185,699.490001
case_000531,5.928376,3.219742,1894.580985,0.560174,339.453293
case_000532,7.464481,5.291121,2258.291763,0.670865,1021.288587
case_000533,6.448445,1.528921,3644.041467,0.756963,1034.185564
case_000534,1.463248,1.689702,2455.176149,0.508035,777.538997
case_000535,3.474321,6.933548,3832.961811,0.207499,884.532656
case_000536,6.611997,2.310661,4788.572908,0.570705,965.62607
case_000537,6.766124,2.335704,1071.187734,0.803012,410.265645
case_000538,8.091318,7.171442,632.10313,0.826397,413.739043
case_000539,1.510976,6.698586,3094.932536,0.169363,611.6136
case_000540,3.880991,4.99688,3050.987577,0.430919,395.525368
case_000541,1.823239,5.591298,3752.50268,0.305564,669.530876
case_000542,1.352303,7.903428,1600.481527,0.524588,533.617832
case_000543,2.200677,8.449281,4358.68339,0.597578,1107.063483
case_000544,6.925327,4.354954,1948.109065,0.474631,897.910955
case_000545,3.170064,1.623097,2177.63675,0.551837,1094.09629
case_000546,2.434755,7.434704,4916.362388,0.958671,194.440553
case_000547,4.720753,3.258455,4301.809269,0.394571,717.338707
case_000548,1.063753,2.605369,3037.130334,0.373518,792.534926
case_000549,4.711414,5.733527,2720.123041,0.795352,331.056218
case_000550,8.203546,7.083858,1603.070935,0.10574,562.838998
case_000551,2.863982,3.77139,4278.083031,0.889479,1147.069483
case_000552,1.011696,6.258431,4320.526945,0.754494,232.264941
case_000553,5.238516,2.905341,2714.129946,0.153906,1196.716012
case_000554,6.69322,1.744213,4645.734813,0.907559,681.339956
case_000555,6.606775,3.979936,4885.496556,0.176412,223.223166
case_000556,2.068111,7.559703,836.737179,0.611039,589.781509
case_000557,8.713746,2.894174,1674.459225,0.383508,984.882168
case_000558,6.605805,6.882823,1931.259737,0.34476,200.662431
case_000559,2.621701,7.239496,3131.186161,0.239869,297.524979
case_000560,4.728441,4.2521,2911.660471,0.968171,344.247124
case_000561,3.466462,3.120063,1039.611004,0.241854,860.93923
case_000562,7.611094,6.575024,681.484136,0.852332,474.017152
case_000563,1.729703,2.98575,2100.8424,0.562114,851.358047
case_000564,3.081334,8.925413,639.86942,0.463953,608.377263
case_000565,6.984628,2.998821,2579.19462,0.823507,270.976482
case_000566,1.095655,7.642979,4921.552569,0.217644,1009.567288
case_000567,3.977918,6.04238,3401.082571,0.624091,399.526305
case_000568,7.501977,1.174401,790.124162,0.912246,598.90583
case_000569,2.030332,8.240624,4232.102797,0.398395,166.112025
case_000570,4.687959,2.343914,3082.478899,0.839517,546.598583
case_000571,1.235858,6.465703,1277.632453,0.293244,322.123203
case_000572,3.238836,8.06739,655.922497,0.657259,385.447562
case_000573,3.360841,4.295938,2978.098993,0.154881,422.158066
case_000574,2.097888,2.595662,4480.936323,0.573233,801.21474
case_000575,7.417345,7.35877,4952.316271,0.803724,507.841079
case_000576,5.356142,4.877436,4607.046575,0.552154,539.451777
case_000577,2.438527,3.551021,1485.590846,0.906188,960.821344
case_000578,1.46873,8.932251,2882.445314,0.790158,1199.574207
case_000579,8.791839,1.801075,3455.889896,0.339874,1001.587975
case_000580,8.338076,1.447269,4983.764218,0.29747,1034.225498
case_000581,7.379125,3.838437,4276.500135,0.860699,310.188397
case_000582,5.740156,7.449682,3639.319536,0.922582,150.463095
case_000583,6.604486,8.58047,3036.229191,0.606798,323.292358
case_000584,8.90405,8.053011,2715.020258,0.378148,649.671334
case_000585,1.722059,2.860987,1484.640238,0.573804,120.738176
case_000586,8.343169,2.611715,1087.202955,0.745244,1112.28325
case_000587,7.754273,3.58871,598.608033,0.627948,1110.602079
case_000588,7.194932,7.771847,4373.0126,0.964503,523.478042
case_000589,8.535386,4.164764,954.644766,0.371589,267.367802
case_000590,2.260031,8.589548,4063.291362,0.964596,821.114687
case_000591,2.393621,8.749943,3621.021792,0.935961,969.951136
case_000592,2.785898,5.711601,1289.082335,0.376141,863.578315
case_000593,2.018787,6.830648,4769.546469,0.953828,542.929541
case_000594,8.954265,8.721472,645.722343,0.64215,1114.721274
case_000595,8.740253,2.767162,3044.976108,0.943019,271.894838
case_000596,6.962747,2.903967,4920.708447,0.251099,1076.145874
case_000597,1.709808,6.671727,3375.962096,0.897988,602.360329
case_000598,3.1217,2.996327,805.07651,0.330992,236.677369
case_000599,1.010249,4.087497,3796.630225,0.972192,1075.316157
case_000600,4.944656,4.029701,2957.107855,0.191286,637.84839
case_000601,7.912406,6.207757,3592.221819,0.246391,199.606141
case_000602,7.7661,3.359269,1934.226086,0.956496,200.136434
case_000603,2.360842,4.003663,3793.932884,0.592342,1089.974107
case_000604,1.744837,5.752244,3261.401266,0.534463,153.47266
case_000605,8.539538,2.319978,4503.889717,0.241393,229.358436
case_000606,2.644404,2.519874,3637.385167,0.749834,908.371926
case_000607,3.122118,3.252185,1568.967282,0.144672,737.511392
case_000608,7.718836,2.228719,2123.730146,0.484845,438.113405
case_000609,6.296162,5.801724,1398.536603,0.123162,304.498767
case_000610,3.334492,1.655489,4296.960835,0.377518,549.264736
case_000611,4.912774,6.28832,910.115949,0.589713,319.671718
case_000612,8.083942,3.955213,2505.988719,0.336966,622.262593
case_000613,2.809938,3.148496,777.377163,0.777012,840.865936
case_000614,1.685658,3.750331,2936.520527,0.973635,756.904558
case_000615,5.428815,7.726377,4182.823467,0.476769,698.355565
case_000616,7.935152,4.798595,4467.442412,0.528636,205.271454
case_000617,8.222218,6.714446,2759.456616,0.91041,984.486364
case_000618,6.420279,5.962185,1041.268436,0.78147,306.709291
case_000619,8.874944,8.777319,4138.073246,0.213567,577.244891
case_000620,8.906239,4.483146,4987.711521,0.664504,1020.836768
case_000621,3.063091,8.286436,4613.782716,0.160311,539.147085
case_000622,4.17884,3.609014,1742.90369,0.512341,1063.343554
case_000623,7.292405,5.984463,2851.529047,0.477634,567.597791
case_000624,2.185598,5.703473,3912.698245,0.945685,1118.92242
case_000625,5.50147,1.807924,1787.417843,0.58207,491.378713
case_000626,4.28712,4.064348,2685.131565,0.648066,160.462924
case_000627,3.203313,2.150821,3238.948688,0.724295,161.885135
case_000628,8.116594,3.651953,1569.106823,0.771175,1114.501782
case_000629,8.176251,1.161863,4178.236664,0.372749,422.774385
case_000630,4.932954,6.569463,941.978256,0.88201,265.136363
case_000631,8.793755,4.544885,4216.204993,0.342478,570.114546
case_000632,6.164438,2.503486,1451.257259,0.841572,920.220383
case_000633,7.075946,7.937512,4194.578266,0.563743,291.690238
case_000634,3.488985,5.054362,1110.424195,0.866166,1069.679199
case_000635,1.231585,2.542108,4248.184699,0.853279,389.449482
case_000636,4.651589,8.344249,3670.852753,0.34658,1009.386795
case_000637,5.041011,6.083278,1057.427865,0.127507,522.264102
case_000638,5.752349,2.42067,4417.163474,0.628192,497.740694
case_000639,2.308109,8.155935,3870.325105,0.719965,427.874927
case_000640,4.092525,2.303259,3075.161275,0.968426,1045.680082
case_000641,6.179039,6.421562,1710.876107,0.468556,141.656546
case_000642,7.242429,7.140582,540.040937,0.920364,819.161279
case_000643,5.809136,1.06771,1635.756986,0.824577,449.896474
case_000644,8.736196,6.141922,2407.130603,0.438828,496.605935
case_000645,3.01599,4.733584,3547.382704,0.84188,548.924743
case_000646,1.818497,5.09211,3480.599536,0.858956,524.168144
case_000647,6.178737,5.872401,1843.141668,0.197294,188.944018
case_000648,8.906888,6.124758,4376.712201,0.335032,887.981278
case_000649,8.13899,3.390329,1174.681834,0.788927,1091.662008
case_000650,7.443439,7.41891,3200.149855,0.694477,855.21621
case_000651,6.770266,6.243205,4988.610948,0.333484,572.050941
case_000652,4.106199,1.282552,3686.310317,0.614838,325.108373
case_000653,6.812399,2.778906,2905.857957,0.806407,1099.048626
case_000654,6.374948,5.058519,4304.386599,0.856575,1066.614367
case_000655,2.449087,1.780825,1075.748629,0.332787,993.011379
case_000656,7.103346,2.464547,3558.705662,0.402069,216.443808
case_000657,3.842267,6.953679,1881.883721,0.809281,477.822508
case_000658,3.084474,3.352409,4330.462497,0.523483,1055.704839
case_000659,5.668597,8.554408,820.470818,0.900483,660.515564
case_000660,7.939982,4.053354,1842.600892,0.148656,1042.578952
case_000661,2.098922,2.602373,2341.36331,0.612463,1099.150609
case_000662,4.660571,3.531068,3720.508052,0.801047,646.587313
case_000663,6.048262,2.414594,3355.245361,0.104242,415.410091
case_000664,7.089546,2.348846,3940.176813,0.540619,944.6547
case_000665,1.704331,5.915838,3350.693933,0.463054,1162.554067
case_000666,4.066531,1.301803,1397.364131,0.435791,135.203288
case_000667,3.577705,7.665829,1357.595195,0.709073,796.821883
case_000668,2.990585,6.548198,2049.573983,0.216038,534.234514
case_000669,5.709366,2.336161,4207.297234,0.368382,434.094015
case_000670,6.822655,5.770959,2020.25818,0.899177,1195.110203
case_000671,3.741863,8.21107,2116.628989,0.269583,1143.931102
case_000672,8.345643,4.227133,1527.882282,0.754452,261.702239
case_000673,6.872613,5.717543,1260.431339,0.429932,822.583611
case_000674,1.298907,8.012353,1651.051283,0.58126,172.473919
case_000675,8.957442,6.295759,3441.054283,0.117768,864.929728
case_000676,4.334205,4.04203,2962.770731,0.526957,285.377266
case_000677,6.561536,6.042491,1855.024046,0.695498,835.481603
case_000678,3.159817,5.845075,1117.235853,0.847587,233.307376
case_000679,6.75013,1.941877,1013.056487,0.195637,334.538395
case_000680,2.597995,3.103951,2854.157484,0.281506,879.71169
case_000681,3.36281,1.315246,2733.59621,0.286925,1127.774292
case_000682,3.644829,1.021904,3522.349096,0.916192,1022.050738
case_000683,6.352175,2.193156,905.372031,0.560535,901.448706
case_000684,1.810324,3.047137,1540.221289,0.989799,439.703953
case_000685,4.714219,1.798471,1286.15814,0.1355,433.812551
case_000686,7.412769,3.501657,3823.430881,0.185499,938.860325
case_000687,1.367113,7.81599,3485.097624,0.253461,506.129597
case_000688,4.501716,5.974456,4453.139918,0.183656,1000.161433
case_000689,2.462955,4.20622,4830.394686,0.34465,536.572729
case_000690,7.805373,7.399193,3419.809177,0.817219,242.101081
case_000691,6.569359,1.469171,4741.101446,0.243456,569.309934
case_000692,5.726002,7.418118,3552.769113,0.263135,530.130841
case_000693,3.868791,1.23053,3580.0886,0.854683,1171.320147
case_000694,2.045243,8.363184,1008.218657,0.470156,169.650111
case_000695,3.092903,3.513904,3670.556794,0.710136,948.931016
case_000696,5.613192,5.520098,4900.530009,0.70286,485.364693
case_000697,5.184825,6.604641,928.589623,0.695542,388.463154
case_000698,3.765996,6.410365,2231.944778,0.85513,723.011776
case_000699,8.902333,1.436529,3395.294225,0.241235,1036.753221
case_000700,7.814969,7.955325,836.893591,0.542483,380.163162
case_000701,8.76116,1.402806,1502.179354,0.678986,555.539153
case_000702,2.88,4.672757,4105.675795,0.503289,1045.116362
case_000703,4.576545,1.949655,2738.180066,0.688036,230.854787
case_000704,4.298708,5.457048,500.76372,0.181806,772.539538
case_000705,5.952529,3.436784,2787.519831,0.286166,845.19232
case_000706,8.602841,3.90674,744.23846,0.300626,610.816781
case_000707,5.481207,5.958064,2629.101565,0.69145,893.18658
case_000708,1.912187,7.07456,1497.861985,0.407221,1016.274596
case_000709,8.715469,3.335869,2848.93289,0.731886,169.440359
case_000710,2.313243,2.123593,3725.852507,0.749403,235.518426
case_000711,5.886814,2.500347,4685.973166,0.453607,613.609689
case_000712,7.251363,6.734303,984.945863,0.473023,1120.756653
case_000713,7.69973,5.710489,3974.653281,0.505454,831.133231
case_000714,8.649523,2.077088,2744.728889,0.577328,172.457334
case_000715,8.482466,7.710529,2673.193836,0.5575,1114.855299
case_000716,2.41762,5.628435,3787.225978,0.215544,538.398026
case_000717,5.804368,8.061567,2768.495537,0.446196,1177.860821
case_000718,8.327282,7.098997,1731.18146,0.967234,1168.130982
case_000719,4.622766,2.066975,2357.354628,0.730013,928.301015
case_000720,3.391305,6.611954,4373.183958,0.740687,1130.353044
case_000721,6.060666,2.607113,3308.754151,0.361522,492.917067
case_000722,6.37899,8.850684,3425.388745,0.962494,664.204914
case_000723,6.554496,3.579051,1019.323635,0.417014,638.799516
case_000724,5.565106,6.337258,2378.650699,0.773082,1028.700447
case_000725,3.287424,7.778409,4137.371507,0.570457,147.293913
case_000726,2.162614,6.362033,1399.560878,0.775167,293.810226
case_000727,3.292924,3.004488,4277.218165,0.721535,438.751811
case_000728,7.028752,1.258451,4163.117979,0.192232,1057.478204
case_000729,6.91594,7.918732,3840.857311,0.605143,376.60311
case_000730,7.274457,7.390574,1794.373945,0.698044,1120.603596
case_000731,4.100437,8.653616,4891.202249,0.381389,716.294565
case_000732,1.103722,3.010729,3292.52763,0.802832,1059.72754
case_000733,7.639868,8.291891,3670.83081,0.682869,935.516322
case_000734,5.372921,5.827096,3992.660353,0.967861,437.71194
case_000735,2.419407,6.461271,1341.394617,0.256416,674.954601
case_000736,4.017586,4.428063,3004.693793,0.21706,750.704942
case_000737,3.040129,3.644502,3693.601833,0.239325,285.999654
case_000738,3.58104,1.406844,4695.718395,0.654048,834.841428
case_000739,4.924408,5.581416,2111.385147,0.805628,463.287726
case_000740,2.759696,2.470953,806.794111,0.554626,569.205743
case_000741,5.296288,1.735564,1495.391365,0.292018,478.434196
case_000742,3.886383,2.747562,3886.950603,0.577449,1196.361569
case_000743,7.589507,8.849066,539.616633,0.702045,601.320626
case_000744,8.235972,5.909609,3295.092639,0.963007,857.15547
case_000745,3.567496,8.327459,4752.444517,0.447288,703.456298
case_000746,3.262632,8.290687,4199.490789,0.437462,987.042077
case_000747,4.564455,1.350813,4542.26724,0.273261,675.006276
case_000748,8.585695,2.339158,4803.242929,0.584177,127.917033
case_000749,1.523775,6.362681,3981.120199,0.878456,578.146208
case_000750,1.831414,5.302034,3662.342898,0.978602,957.22328
case_000751,6.172489,8.518009,3861.008716,0.238379,615.963254
case_000752,3.653723,1.700167,744.206319,0.814793,722.730942
case_000753,5.599698,2.821165,1663.915815,0.449229,800.634646
case_000754,4.4642,1.135128,3529.844295,0.581351,812.736566
case_000755,5.946795,7.047685,3135.23606,0.730794,198.3966
case_000756,8.424382,1.849084,4041.013539,0.371216,213.425639
case_000757,7.122194,4.501409,2278.009662,0.694651,631.906692
case_000758,5.267742,2.091052,2259.466544,0.817736,709.382426
case_000759,8.681074,2.152604,3547.800705,0.922752,978.618492
case_000760,6.834597,3.985044,4772.592966,0.598172,719.475325
case_000761,1.985881,1.040239,3184.946994,0.583437,1142.73774
case_000762,3.437529,6.986373,4565.958692,0.409466,565.666856
case_000763,6.167452,5.100422,1224.294609,0.298709,1021.528236
case_000764,2.55461,2.450864,4098.470241,0.867026,1039.49874
case_000765,8.458959,8.954504,2575.693417,0.594698,433.904881
case_000766,1.538902,1.785619,3765.151658,0.538471,477.319006
case_000767,2.025721,6.243784,950.202758,0.657564,1092.128078
case_000768,3.542287,4.605168,3273.540936,0.375108,750.903527
case_000769,5.524416,3.915947,1923.499218,0.485477,125.218433
case_000770,2.969401,2.772206,3829.172972,0.492512,1027.318863
case_000771,2.074447,6.863782,4450.486233,0.516564,507.44093
case_000772,3.443774,5.413375,1290.965724,0.645965,1029.136435
case_000773,7.869709,2.120013,2923.781167,0.336911,1077.242699
case_000774,1.611699,1.6032,583.836327,0.55646,153.689769
case_000775,5.655124,4.241076,3155.163403,0.915673,715.721518
case_000776,5.347755,8.989825,2624.467779,0.797678,515.084121
case_000777,2.786453,7.177159,3799.520722,0.361899,621.877234
case_000778,5.083296,4.174281,2759.752713,0.696411,1035.820387
case_000779,7.45232,5.912288,1246.295984,0.562723,601.918079
case_000780,2.433161,8.589695,3467.359881,0.970962,914.793394
case_000781,4.868027,3.870364,1484.686028,0.538878,187.890054
case_000782,3.955481,1.342468,1430.483336,0.916953,510.151474
case_000783,4.757394,4.637148,708.968559,0.982531,469.996799
case_000784,6.62989,5.170983,4233.4122,0.851385,404.381355
case_000785,5.3548,2.390799,3441.538909,0.428767,825.60347
case_000786,7.683753,5.133303,2193.479515,0.916518,677.681525
case_000787,3.823184,7.941755,2690.877032,0.533899,772.547859
case_000788,5.014696,2.111746,1245.226201,0.169379,814.955163
case_000789,2.692137,2.495245,2130.003249,0.745572,247.796641
case_000790,2.842771,7.489381,3741.150465,0.533365,637.119814
case_000791,2.685632,2.28997,4250.142484,0.120201,166.595878
case_000792,5.587892,2.289033,3332.931912,0.135272,738.050843
case_000793,1.447296,3.066077,1310.168928,0.962415,767.306125
case_000794,5.508838,1.14896,3737.962848,0.695571,426.130997
case_000795,1.685988,4.593627,4967.491207,0.880572,304.212127
case_000796,7.642909,5.80671,4075.772316,0.838408,316.434884
case_000797,6.27719,3.116166,3758.840591,0.408404,609.747757
case_000798,5.724768,2.83851,2234.578472,0.197713,338.536433
case_000799,7.876734,5.034876,2389.077557,0.234605,224.002463
case_000800,4.806953,5.917985,675.664536,0.805481,663.595545
case_000801,1.940131,4.857927,1086.479783,0.643127,1013.723521
case_000802,8.175752,7.198963,3421.542808,0.56984,520.007646
case_000803,1.347506,5.238532,1532.688154,0.82207,972.720032
case_000804,4.049892,5.712385,3836.27319,0.785385,872.444211
case_000805,1.781735,2.071065,2647.135567,0.309262,1047.777507
case_000806,3.266133,8.014131,2338.910171,0.270119,885.880744
case_000807,7.31538,5.623897,1030.228718,0.106475,826.90981
case_000808,6.502134,3.527214,2130.214054,0.239301,823.70201
case_000809,3.029062,7.839815,2406.026963,0.42908,417.605386
case_000810,6.444846,7.039775,2359.526712,0.80541,641.065178
case_000811,3.961704,5.439291,1641.999404,0.375988,491.904809
case_000812,6.643957,6.886259,4347.495153,0.693355,927.639331
case_000813,4.572759,6.594492,1228.07803,0.293012,552.605779
case_000814,3.707503,5.40461,3636.758339,0.736111,293.59705
case_000815,8.716562,1.042325,909.898629,0.230796,1119.930731
case_000816,4.483019,1.512644,1497.966101,0.172036,160.775765
case_000817,4.074608,8.875585,3262.845158,0.568905,888.534298
case_000818,5.779781,8.565727,4191.029305,0.676262,594.089812
case_000819,2.613658,6.255074,4117.594591,0.357406,156.2981
case_000820,5.796119,5.126509,1542.519378,0.252535,158.946024
case_000821,2.914053,1.002298,1208.501424,0.997135,962.046709
case_000822,3.825021,4.161145,3137.360743,0.565968,915.879583
case_000823,1.548937,1.721327,1780.222042,0.846788,1108.209692
case_000824,3.784762,8.706301,1744.285319,0.645727,330.087209
case_000825,8.437711,5.599254,1674.983776,0.466421,234.982153
case_000826,1.579088,3.354015,4761.569593,0.822648,1153.246098
case_000827,8.008904,7.505179,3087.022454,0.724773,1163.339892
case_000828,5.505349,7.159738,3908.629783,0.965115,615.556304
case_000829,4.685764,5.694612,623.078139,0.204641,192.958602
case_000830,6.069294,8.953584,3546.108392,0.306937,460.98915
case_000831,8.643565,5.132034,543.754363,0.848959,388.118218
case_000832,1.744075,6.389583,4194.836103,0.168426,1125.907939
case_000833,4.812444,3.828303,4524.423138,0.342168,1142.887558
case_000834,6.464858,8.27942,2745.497032,0.2797,914.26339
case_000835,7.98194,2.654229,1412.449515,0.324726,788.084651
case_000836,2.247965,1.853514,4640.846583,0.708231,836.498005
case_000837,5.910616,7.113954,2936.632796,0.138037,640.875448
case_000838,5.96534,4.938723,4934.125982,0.9073,1058.270342
case_000839,4.926443,8.875157,4622.030734,0.35224,359.860206
case_000840,5.613321,1.433185,4096.71463,0.530488,704.029381
case_000841,5.019802,4.149735,3588.523909,0.25732,1174.627771
case_000842,6.585957,4.680565,3601.447471,0.110638,347.612577
case_000843,5.648066,3.60349,3257.501434,0.333731,712.448472
case_000844,2.897113,4.770763,3258.878194,0.429332,658.671618
case_000845,2.68426,6.605701,2175.393325,0.868893,421.999894
case_000846,2.439114,2.049113,3091.517281,0.30571,227.85932
case_000847,3.159593,2.886441,2444.984383,0.442795,277.511234
case_000848,8.673183,2.196384,4125.507627,0.258947,659.565652
case_000849,8.964494,7.795119,2826.531387,0.748504,968.159572
case_000850,3.400273,5.497108,3055.255336,0.458562,865.78663
case_000851,1.480291,7.510545,2644.42741,0.666876,605.843205
case_000852,3.677252,3.887696,3021.575157,0.93866,398.332011
case_000853,1.158683,1.9699,4403.158628,0.966805,334.874759
case_000854,5.607156,6.193048,1285.424761,0.802278,503.517761
case_000855,6.385543,4.89995,3814.367741,0.900669,531.556678
case_000856,3.292189,6.053698,1151.817522,0.250818,992.334515
case_000857,3.699106,6.050187,3072.369082,0.864011,197.051604
case_000858,2.295996,2.825744,1925.952088,0.362221,408.870182
case_000859,6.157154,3.169985,2502.042744,0.876526,512.218027
case_000860,5.695358,8.724208,2362.950774,0.265498,144.94918
case_000861,6.822179,6.29618,4731.968018,0.730627,206.469917
case_000862,2.335284,1.824075,787.065798,0.890822,712.308443
case_000863,1.210919,4.1761,3942.483675,0.174926,403.448445
case_000864,2.242195,6.238661,4484.620927,0.378434,387.188241
case_000865,3.273402,6.011845,1090.746998,0.854666,150.856996
case_000866,6.308393,7.882951,1963.405925,0.528539,1172.980069
case_000867,5.324673,3.179315,2501.802196,0.972588,873.432707
case_000868,2.416293,5.780674,3339.713852,0.672266,729.103246
case_000869,5.187678,6.116226,1893.475977,0.412451,702.841572
case_000870,7.437662,4.534882,2146.024949,0.333826,447.858749
case_000871,1.000739,7.523038,4315.759198,0.409496,626.733792
case_000872,1.066537,8.376707,4761.308803,0.52936,129.863208
case_000873,4.443483,3.343381,1540.469271,0.106496,523.535387
case_000874,4.293887,5.484435,2276.384358,0.246943,916.087282
case_000875,4.117786,4.026864,1683.41124,0.480015,378.72676
case_000876,7.116306,8.279635,4134.087232,0.716176,427.451003
case_000877,6.943415,7.470469,2358.067444,0.868134,316.999753
case_000878,3.316762,6.095142,3279.782363,0.344921,792.574083
case_000879,2.502316,1.155163,723.344325,0.581474,320.812606
case_000880,1.818188,3.153561,3718.38174,0.754396,371.435338
case_000881,2.20547,4.948636,2038.607842,0.380419,983.41934
case_000882,8.983708,4.709476,4061.411214,0.397224,1031.030003
case_000883,8.613152,1.448307,3990.438098,0.164246,627.758519
case_000884,2.537538,7.732314,4177.628258,0.845427,251.718481
case_000885,7.145165,2.991699,3970.513999,0.498665,916.628534
case_000886,1.268082,4.686677,3969.481855,0.569025,1180.68512
case_000887,4.782604,6.451539,1904.492145,0.390757,799.497394
case_000888,1.337487,8.499367,2844.168138,0.327981,809.601613
case_000889,2.589789,8.100157,4386.459496,0.296009,241.962736
case_000890,6.063272,3.596108,1253.121604,0.34849,249.221559
case_000891,7.31315,1.071439,688.970161,0.805128,633.292333
case_000892,5.769698,3.971189,902.659562,0.241929,218.713676
case_000893,5.949159,8.44679,4986.378963,0.662619,184.557142
case_000894,6.156599,6.610625,4061.5981,0.213245,371.288601
case_000895,8.853406,7.308495,3905.138854,0.824973,593.81641
case_000896,2.543722,6.514,2111.753738,0.221259,1090.556088
case_000897,4.882417,4.5,1826.215684,0.727334,324.957903
case_000898,2.493014,3.781317,3795.810846,0.347792,1017.857561
case_000899,8.315792,5.436162,809.944625,0.239523,439.326474
case_000900,3.106794,3.936902,503.239229,0.674223,529.367055
case_000901,2.484274,1.149759,4355.731798,0.798415,377.889483
case_000902,6.768029,6.266315,2925.304347,0.448742,685.99535
case_000903,4.980393,5.411742,3258.676591,0.39034,812.176244
case_000904,1.883713,5.185604,800.059294,0.851674,260.156208
case_000905,7.987942,2.616632,2684.166293,0.188878,736.693156
case_000906,7.690396,6.26337,2866.196132,0.731183,396.413613
case_000907,3.930832,5.847629,818.932824,0.93719,345.437141
case_000908,4.931244,8.118139,859.805615,0.820918,185.556203
case_000909,5.464159,8.505951,2371.789412,0.432162,885.108488
case_000910,7.589144,3.126525,682.939185,0.163349,448.216913
case_000911,8.556828,8.684694,937.036626,0.752655,694.193936
case_000912,2.515683,5.209536,1619.433631,0.662793,313.209723
case_000913,6.993555,4.321477,974.813819,0.674762,506.600435
case_000914,4.669765,6.321939,4472.708087,0.250128,314.828262
case_000915,4.212457,3.700103,1211.794052,0.99859,598.453144
case_000916,3.818593,3.52124,4961.583458,0.392189,521.457073
case_000917,7.113475,4.444705,3766.404576,0.647572,728.196279
case_000918,2.711425,7.125666,4667.661152,0.32868,1158.583918
case_000919,4.579998,4.176724,3768.409753,0.984661,763.423853
case_000920,5.140875,8.947296,1858.287443,0.370301,359.63764
case_000921,7.845763,1.173611,4198.729651,0.720747,418.033708
case_000922,5.429305,5.450585,4666.651026,0.239243,160.755204
case_000923,3.845246,2.107266,2151.873019,0.62394,371.63368
case_000924,7.488594,1.735241,2299.092118,0.926094,913.00723
case_000925,6.788644,7.343234,1278.061209,0.843135,864.762709
case_000926,5.60986,8.261245,3178.540412,0.370354,909.252511
case_000927,5.61027,1.627819,751.65219,0.793811,495.764624
case_000928,7.537134,4.332174,4405.239936,0.882808,364.855085
case_000929,6.222233,5.818413,551.454714,0.799677,533.085919
case_000930,3.438267,1.329458,2929.683782,0.234622,662.593739
case_000931,2.766377,1.404159,3792.103581,0.453594,601.265535
case_000932,5.761058,5.037835,1499.385327,0.360805,545.868196
case_000933,2.057512,1.660361,3071.482657,0.14438,551.126604
case_000934,1.680632,5.014585,3982.213115,0.217338,265.660425
case_000935,5.474369,4.902889,3435.117975,0.276489,785.276585
case_000936,6.885342,2.969967,822.397912,0.799095,469.284572
case_000937,8.393105,1.716757,3522.863991,0.481187,496.172485
case_000938,3.565907,5.751017,608.930737,0.374337,1186.66407
case_000939,5.929768,8.921273,2489.945474,0.231237,168.467755
case_000940,7.545375,2.597482,2182.193556,0.78196,1040.985277
case_000941,1.898974,1.436304,4770.234118,0.934057,1058.25254
case_000942,7.561072,1.109866,3622.078513,0.20015,606.066496
case_000943,1.181985,2.672076,2921.024561,0.283421,685.127152
case_000944,3.069264,4.864211,3784.656126,0.227213,874.655651
case_000945,1.147108,5.66404,3485.877539,0.139134,303.945219
case_000946,3.272108,7.313508,3280.841494,0.147777,827.138502
case_000947,1.066673,4.109161,1720.896706,0.866875,832.908403
case_000948,7.914258,1.152627,4403.346993,0.68447,369.66211
case_000949,4.04561,8.812896,948.216703,0.38391,1056.114565
case_000950,5.252485,2.491339,2752.928703,0.512188,1120.457971
case_000951,1.171908,2.979137,2882.369137,0.400213,544.871803
case_000952,2.256042,3.774239,2083.60887,0.662708,375.101147
case_000953,8.825954,5.010012,4153.51787,0.663213,1068.971456
case_000954,8.123217,7.518869,632.596543,0.599445,422.609352
case_000955,2.213665,8.177403,3456.192915,0.179016,532.783692
case_000956,8.684846,5.899587,3314.860702,0.304685,379.589673
case_000957,2.221993,8.764297,4593.809271,0.396356,705.612451
case_000958,2.654058,2.108612,2936.092221,0.820095,1051.594675
case_000959,3.471987,6.641091,2857.124676,0.221727,1195.340664
case_000960,8.806215,2.161219,4698.634759,0.925401,462.895908
case_000961,5.458722,8.588813,1032.742808,0.385838,1070.009171
case_000962,6.816636,7.12348,4460.59355,0.472636,564.151904
case_000963,4.544036,8.470148,4523.585419,0.939925,415.699858
case_000964,7.232863,1.854171,1331.359235,0.786203,780.940125
case_000965,3.134901,5.536345,1539.101069,0.308964,862.368116
case_000966,3.874091,6.50513,2644.70999,0.552092,773.0887
case_000967,6.696153,3.991675,4334.582446,0.542301,268.51374
case_000968,2.546079,1.257836,3940.424844,0.113513,411.447399
case_000969,4.304352,6.938933,4947.095379,0.781999,191.42723
case_000970,8.416826,8.885021,4402.080512,0.540949,470.887277
case_000971,4.660359,2.974271,2321.900457,0.137644,914.158322
case_000972,4.042993,3.50318,3251.771936,0.768221,761.310266
case_000973,5.201844,8.006264,4041.13938,0.568584,607.73836
case_000974,7.616081,1.339327,4981.263672,0.566832,547.260092
case_000975,6.881361,5.461608,2822.570074,0.667584,173.239085
case_000976,3.329435,4.184319,1870.493665,0.844859,618.254937
case_000977,4.379697,5.905074,745.460001,0.565273,273.618788
case_000978,7.639148,4.613585,3751.910562,0.201854,961.029633
case_000979,8.50274,6.568913,1108.880034,0.472203,606.956723
case_000980,2.431029,5.722524,3706.854761,0.281739,611.057864
case_000981,3.000658,6.533739,4582.231084,0.816838,895.844697
case_000982,1.988354,1.91332,2522.292881,0.426649,685.722691
case_000983,4.072699,7.328533,2802.499032,0.954779,528.972922
case_000984,4.044856,7.146083,4605.137505,0.608942,832.292768
case_000985,2.200718,7.950548,1304.900441,0.740843,573.148227
case_000986,3.476146,7.149043,2508.162054,0.663808,246.958297
case_000987,2.052568,2.622814,3301.521476,0.3278,615.33407
case_000988,7.843288,5.348009,525.87747,0.894433,376.908622
case_000989,5.710899,4.805696,2345.681146,0.171464,768.110273
case_000990,2.957705,5.378733,3288.947175,0.601794,1011.272705
case_000991,1.39135,2.186049,3439.745952,0.133049,1042.13563
case_000992,6.335972,7.704115,1842.98696,0.928346,172.953872
case_000993,4.335655,2.425987,3524.407229,0.649981,866.834708
case_000994,5.759752,7.298461,1298.386703,0.509804,745.283596
case_000995,8.451839,1.74501,1846.825167,0.431712,529.2545
case_000996,1.541333,4.418591,2977.119873,0.363549,265.309452
case_000997,6.556956,3.195348,2871.7373,0.572182,871.495857
case_000998,5.89643,1.874418,3783.778339,0.666081,1186.164405
case_000999,4.869304,6.509234,4702.512537,0.987651,430.162288
case_001000,5.870757,3.531908,2864.260514,0.995522,502.161612
